"Year","SiteID","Treatment","sampleID","tss_sum"
2016,"ARM","control","1001",12.1158890626351
2016,"ARM","control","1006",7.7317910925584
2016,"ARM","control","1008",42.1012469012697
2016,"ARM","control","1016",1.03532812154757
2016,"ARM","control","1034",0.0022561341222799
2016,"ARM","strips","1000",0.228433318074387
2016,"ARM","strips","1007",0.0973574359165653
2016,"EIA","control","1011",11.5325813146733
2016,"EIA","control","1020",8.54253176007114
2016,"EIA","control","1024",2.35905201751408
2016,"EIA","control","1027",0.521034554963325
2016,"EIA","control","1032",2.30228600104709
2016,"EIA","strips","1002",0.020226525786226
2016,"EIA","strips","1009",0.194885020329877
2016,"EIA","strips","1010",0.742933972006363
2016,"EIA","strips","1012",0.223646337059571
2016,"EIA","strips","1015",0.000718083397687206
2016,"EIA","strips","1017",0.213075231462707
2016,"EIA","strips","1019",3.80142254485798
2016,"EIA","strips","1022",0.0469256279938101
2016,"EIA","strips","1023",0.199066969548976
2016,"EIA","strips","1026",0.254889480095988
2016,"EIA","strips","1031",0.987785746035734
2016,"EIA","strips","1036",0.881671266760161
2016,"EIA","strips","1037",0.0402412745772072
2016,"EIA","strips","1038",0.24721545073041
2016,"HOE","control","SPL1050",0.562260599883539
2016,"HOE","control","SPL1051",4.51376188596361
2016,"HOE","control","SPL1052",1.83508339033948
2016,"HOE","control","SPL1053",0.487347441715697
2016,"RHO","control","1014",0.555087436222582
2016,"RHO","control","1021",0.0316382419408789
2016,"RHO","control","1028",9.3577621421304
2016,"RHO","control","1033",1.47364167744834
2016,"RHO","control","1039",0.257005867711729
2016,"RHO","strips","1013",0.211420222175256
2016,"WHI","control","1018",4.01195355204057
2016,"WOR","control","1025",0.0335283023558345
2016,"WOR","control","1030",3.75612604339564
2016,"WOR","control","1035",0.0981246570454456
2017,"ARM","control","2007",3.39878569742421
2017,"ARM","control","2011",7.96093286982615
2017,"ARM","control","2012",3.28639390422923
2017,"ARM","control","2014",5.82499120293417
2017,"ARM","control","2020",0.188160937398134
2017,"ARM","control","2022",19.5935055987286
2017,"ARM","strips","2015",0.0158971051375118
2017,"ARM","strips","2021",0.288743945385142
2017,"HOE","control","SPL2050",4.12012080724056
2017,"HOE","control","SPL2051",2.94029038079832
2017,"HOE","control","SPL2052",2.49819909977022
2017,"HOE","control","SPL2053",12.0926776507704
2017,"HOE","control","SPL2054",10.3028263342533
2017,"MAR","control","2024",4.62040024252026
2017,"MAR","strips","2023",1.36483222028355
2017,"MCN","control","2000",2.03816366097651
2017,"MCN","control","2001",28.2730533018051
2017,"MCN","control","2002",41.1657507305762
2017,"MCN","control","2003",0.360380067566778
2017,"MCN","control","2004",14.8922431184357
2017,"MCN","control","2008",128.683453953231
2017,"MCN","strips","2005",10.9127800824109
2017,"MCN","strips","2009",62.4402964695602
2017,"MCN","strips","2017",0.862337210677584
2017,"RHO","control","2010",0.724868911728718
2017,"RHO","control","2013",106.583430548324
2017,"RHO","control","2016",15.8493725193816
2017,"RHO","control","2019",50.5720413814193
2017,"RHO","control","2026",18.825176638897
2017,"RHO","control","2027",2.61709447591623
2017,"RHO","strips","2006",0.0623949192759676
2017,"RHO","strips","2018",2.74895985830791
2017,"RHO","strips","2025",0.0711822389335388
2018,"ARM","control","3046",0.0582999336016813
2018,"ARM","control","3047",0.252267489364369
2018,"ARM","control","3048",0.133860527827472
2018,"ARM","control","3075",0.123350904716954
2018,"EIA","control","3012",9.73063882063219
2018,"EIA","control","3020",0.121043369938603
2018,"EIA","control","3026",11.2753423284514
2018,"EIA","control","3052",1.85254850414491
2018,"EIA","control","3060",1.25307451054931
2018,"EIA","control","3072",3.51370282909298
2018,"EIA","control","3081",0.450533762718377
2018,"EIA","strips","3011",73.8884599107298
2018,"EIA","strips","3022",0.18154585792412
2018,"EIA","strips","3025",1.39048605158047
2018,"EIA","strips","3051",0.295690250334663
2018,"EIA","strips","3059",0.402383829056129
2018,"EIA","strips","3071",1.26569501036943
2018,"EIA","strips","3080",0.378521650465186
2018,"HOE","control","SPL3300",0.11161377493237
2018,"HOE","control","SPL3301",11.5875867675428
2018,"HOE","control","SPL3302",24.4739643282972
2018,"HOE","control","SPL3304",1.6203403681845
2018,"HOE","control","SPL3306",10.6460941731909
2018,"HOE","control","SPL3308",0.0325957160216956
2018,"HOE","control","SPL3309",0.475850246887053
2018,"HOE","control","SPL3310",10.9597527332574
2018,"HOE","strips","SPL3303",12.9702215190039
2018,"HOE","strips","SPL3305",6.53383692335277
2018,"HOE","strips","SPL3307",3.53794378010502
2018,"HOE","strips","SPL3311",12.7168681350894
2018,"MAR","control","3036",0.0106458259281644
2018,"MAR","control","3073",0.0518135863467425
2018,"MCN","control","3002",1.84244293175183
2018,"MCN","control","3004",3.69874514835017
2018,"MCN","control","3006",2.29251147499046
2018,"MCN","control","3013",0.619548981017858
2018,"MCN","control","3031",0.940838373808859
2018,"MCN","control","3033",11.4041161964604
2018,"MCN","control","3049",0.00359554382691468
2018,"MCN","control","3057",0.198124368976436
2018,"MCN","control","3069",1.91777214976422
2018,"MCN","control","3078",23.6721151583542
2018,"MCN","strips","3001",2.18272347815957
2018,"MCN","strips","3003",10.2319909911145
2018,"MCN","strips","3005",7.92157111012519
2018,"MCN","strips","3007",7.58443834988556
2018,"MCN","strips","3009",2.10520825118818
2018,"MCN","strips","3014",3.80452067856509
2018,"MCN","strips","3032",2.49575092969583
2018,"MCN","strips","3034",17.5714437018495
2018,"MCN","strips","3050",0.0426779594313224
2018,"MCN","strips","3058",1.42011705547332
2018,"MCN","strips","3070",11.3720671079726
2018,"MCN","strips","3079",49.1054096415476
2018,"RHO","control","3008",0.330706158478524
2018,"RHO","control","3024",0.669929715992247
2018,"RHO","control","3029",56.4884275686161
2018,"RHO","control","3038",19.2259332306304
2018,"RHO","control","3042",3.82862032315501
2018,"RHO","control","3045",0.274309817386585
2018,"RHO","control","3054",23.3975948070816
2018,"RHO","control","3062",9.70057108206891
2018,"RHO","control","3066",3.36185234049544
2018,"RHO","control","3074",5.78378836519256
2018,"RHO","strips","3017",20.4916421180368
2018,"RHO","strips","3021",1.02600785708114
2018,"RHO","strips","3023",0.0456385426250527
2018,"RHO","strips","3028",1.91944748338228
2018,"RHO","strips","3037",0.690851643890081
2018,"RHO","strips","3040",0.0524449860504518
2018,"RHO","strips","3053",2.10594607480324
2018,"RHO","strips","3061",5.64412861845175
2018,"RHO","strips","3065",8.10301695918445
2018,"WHI","control","3077",34.4238978199338
2018,"WHI","control","3203",13.1042064136527
2018,"WHI","control","3205",27.9731714911859
2018,"WHI","control","3207",12.5341480501535
2018,"WHI","control","3210",22.9711276445965
2018,"WHI","control","3213",34.1220823293466
2018,"WHI","strips","3076",18.1150402239322
2018,"WHI","strips","3200",6.25557511575303
2018,"WHI","strips","3201",1.53590705073587
2018,"WHI","strips","3202",2.12418372290658
2018,"WHI","strips","3204",0.436901311567174
2018,"WHI","strips","3206",4.00350305818338
2018,"WHI","strips","3208",0.253254207298855
2018,"WHI","strips","3209",0.141992587885767
2018,"WHI","strips","3211",0.815306232696538
2018,"WHI","strips","3212",29.2570614545028
2018,"WOR","control","3000",0.982909019897727
2018,"WOR","control","3016",48.221966696662
2018,"WOR","control","3019",0.972791461815928
2018,"WOR","control","3027",1.37091891757819
2018,"WOR","control","3030",1.01013192150777
2018,"WOR","control","3035",0.0506541823847211
2018,"WOR","control","3039",9.85081698944991
2018,"WOR","control","3044",0.0025651067804112
2018,"WOR","control","3056",14.9026031081138
2018,"WOR","control","3064",1.37656176539526
2018,"WOR","control","3068",6.66908990592195
2018,"WOR","strips","3015",94.6749087720097
2018,"WOR","strips","3041",0.771992008340905
2018,"WOR","strips","3043",0.911327666660928
2018,"WOR","strips","3055",23.6932590049852
2018,"WOR","strips","3063",2.89569817383675
2018,"WOR","strips","3067",10.4477093031983
2019,"ARM","control","4013",1.48272326644871
2019,"ARM","control","4017",5.74680398232509
2019,"ARM","control","4043",15.4810668626872
2019,"ARM","control","4051",1.18001231363973
2019,"ARM","control","4053",2.39459749107121
2019,"ARM","control","4056",2.05711826360084
2019,"ARM","control","4063",0.389374332275246
2019,"ARM","control","4065",0.468899042380095
2019,"ARM","strips","4016",0.736011911358148
2019,"HOE","control","SPL4300",4.45334395096679
2019,"HOE","strips","SPL4301",3.35414508039793
2019,"MAR","control","4021",10.0958513008753
2019,"MAR","control","4027",1.29315031210906
2019,"MAR","strips","4022",140.853022136687
2019,"MCN","control","4000",0.601252461935857
2019,"MCN","control","4008",2.89805833203838
2019,"MCN","control","4025",119.884138515652
2019,"MCN","control","4036",6.30511901775129
2019,"MCN","control","4044",0.0764935653366969
2019,"MCN","control","4047",0.526886779806274
2019,"MCN","control","4054",7.37328866495141
2019,"MCN","strips","4001",0.411935845661908
2019,"MCN","strips","4002",0.0309125991921663
2019,"MCN","strips","4003",0.0198244842227145
2019,"MCN","strips","4006",0.0828446954236255
2019,"MCN","strips","4009",4.92448942552807
2019,"MCN","strips","4026",269.626676235087
2019,"MCN","strips","4035",2.19217188331453
2019,"MCN","strips","4037",23.4768042888184
2019,"MCN","strips","4045",0.0961237240963444
2019,"MCN","strips","4048",14.7086505656284
2019,"MCN","strips","4052",0.0129447158642155
2019,"MCN","strips","4055",7.47692394423194
2019,"MCN","strips","4058",9.04952026712979
2019,"MCN","strips","4070",9.17423351221523
2019,"MCN","strips","4071",0.0690231302113642
2019,"RHO","control","4005",14.5787643490453
2019,"RHO","control","4011",4.67664731118437
2019,"RHO","control","4024",294.15744259751
2019,"RHO","control","4029",43.9210000457035
2019,"RHO","control","4034",700.172200385165
2019,"RHO","control","4039",7.02152693702401
2019,"RHO","control","4042",1.57747825129893
2019,"RHO","control","4046",1.55127502195214
2019,"RHO","control","4060",9.12749022983206
2019,"RHO","control","4062",3.43091020935341
2019,"RHO","control","4069",7.53288733972722
2019,"RHO","strips","4004",14.769134393933
2019,"RHO","strips","4010",9.08819471842917
2019,"RHO","strips","4023",348.749622474108
2019,"RHO","strips","4028",6.16704203887724
2019,"RHO","strips","4033",139.590985051125
2019,"RHO","strips","4038",3.68811448557838
2019,"RHO","strips","4059",6.26803998202709
2019,"RHO","strips","4061",1.37286941060136
2019,"RHO","strips","4068",5.33539052701215
2019,"WHI","control","4020",1.64458786144733
2019,"WHI","control","4050",3.42684082920825
2019,"WHI","strips","4012",1.5890170578376
2019,"WHI","strips","4019",8.42003771629679
2019,"WHI","strips","4049",5.81765840982769
2019,"WHI","strips","4064",0.0529971370638448
2019,"WHI","strips","4066",14.250253469056
2019,"WOR","control","4015",47.7982887380542
2019,"WOR","control","4032",0.917461044068493
2019,"WOR","control","4041",0.805512681756483
2019,"WOR","strips","4007",0.0996448362428535
2019,"WOR","strips","4014",64.403384315248
2019,"WOR","strips","4031",13.3426381808951
2019,"WOR","strips","4040",6.03220825592761
2019,"WOR","strips","4072",0.197521148159153
2020,"HOE","control","5007",18.7083532739465
2020,"MAR","control","5010",0.786325210324392
2020,"MAR","strips","5011",80.8699000928231
2020,"MAR","strips","5015",3.14126260713032
2020,"MCN","control","5001",0.421450329774494
2020,"MCN","strips","5000",0.263338131010717
2020,"MCN","strips","5002",47.5299835055599
2020,"MCN","strips","5003",2.7178237243008
2020,"MCN","strips","5009",43.8148675208095
2020,"MCN","strips","5012",20.1856642878447
2020,"MCN","strips","5019",7.68592712630851
2020,"RHO","control","5006",0.156243570877455
2020,"RHO","control","5013",4.06639029032261
2020,"RHO","control","5017",9.61116138886553
2020,"RHO","control","5020",1.11729186082972
2020,"RHO","strips","5005",2.69270283140748
2020,"RHO","strips","5016",1.75902274870996
2020,"WOR","strips","5008",0.215479063710698
2021,"HOE","control","6011",0.0551990573516855
2021,"MCN","control","6000",8.05195728640825
2021,"MCN","control","6004",0.201617394189148
2021,"MCN","control","6006",1.32859183247014
2021,"MCN","control","6009",12.5096774317156
2021,"MCN","strips","6001",0.197857488115423
2021,"MCN","strips","6005",0.910299027967221
2021,"MCN","strips","6007",3.70871098735633
2021,"MCN","strips","6010",22.2315342738239
2021,"RHO","control","6003",24.6527555221502
2021,"RHO","control","6008",5.73086256747399
2021,"RHO","strips","6002",5.26967387045233
